ts	gen	width	util	mem_mib	load1	rss_kb
2026-10-03T13:38:59+07:00	4	4	23	1	7.79	
2026-10-03T13:39:00+07:00	4	4	1	1611	7.79	
2026-10-03T13:39:01+07:00	4	4	8	1611	7.79	
2026-10-03T13:39:02+07:00	4	4	8	1611	7.41	
2026-10-03T13:39:03+07:00	4	4	10	2145	7.41	
2026-10-03T13:39:04+07:00	4	4	0	5171	7.41	
2026-10-03T13:39:05+07:00	4	4	0	5217	7.41	
2026-10-03T13:39:06+07:00	4	4	0	5217	7.41	
2026-10-03T13:39:07+07:00	4	4	0	5217	7.21	
2026-10-03T13:39:08+07:00	4	4	0	5217	7.21	
2026-10-03T13:39:09+07:00	4	4	0	5217	7.21	
2026-10-03T13:39:10+07:00	4	4	0	5217	7.21	
2026-10-03T13:39:12+07:00	4	4	0	5243	6.96	
2026-10-03T13:39:13+07:00	4	4	0	5311	6.96	
2026-10-03T13:39:14+07:00	4	4	0	5311	6.96	
2026-10-03T13:39:15+07:00	4	4	0	5311	6.96	
2026-10-03T13:39:16+07:00	4	4	0	5311	6.96	
2026-10-03T13:39:17+07:00	4	4	0	5311	7.04	
2026-10-03T13:39:18+07:00	4	4	0	5311	7.04	
2026-10-03T13:39:19+07:00	4	4	0	5311	7.04	
2026-10-03T13:39:20+07:00	4	4	0	5311	7.04	
2026-10-03T13:39:21+07:00	4	4	0	5311	7.04	
2026-10-03T13:39:22+07:00	2	4	0	5311	7.04	
2026-10-03T13:39:23+07:00	1	4	0	5311	7.04	
2026-10-03T13:39:24+07:00	1	4	0	5311	7.04	
2026-10-03T13:39:25+07:00	1	4	0	5311	7.04	
2026-10-03T13:39:26+07:00	1	4	0	5311	7.04	
2026-10-03T13:39:27+07:00	1	4	0	5311	7.03	
2026-10-03T13:39:28+07:00	1	4	0	5311	7.03	
2026-10-03T13:39:29+07:00	1	4	0	5311	7.03	
2026-10-03T13:39:30+07:00	1	4	0	5311	7.03	
2026-10-03T13:39:31+07:00	1	4	0	5311	7.19	
2026-10-03T13:39:32+07:00	1	4	0	5311	7.19	
2026-10-03T13:39:33+07:00	1	4	0	5311	7.19	
2026-10-03T13:39:35+07:00	1	4	0	5311	7.19	
2026-10-03T13:39:36+07:00	1	4	0	5311	7.19	
2026-10-03T13:39:37+07:00	1	4	0	5311	7.18	
2026-10-03T13:39:38+07:00	1	4	0	5311	7.18	
2026-10-03T13:39:39+07:00	1	4	0	5311	7.18	
2026-10-03T13:39:40+07:00	1	4	0	5311	7.18	
2026-10-03T13:39:41+07:00	1	4	0	5311	7.18	
2026-10-03T13:39:42+07:00	1	4	0	5311	7.24	
2026-10-03T13:39:43+07:00	1	4	0	5311	7.24	
2026-10-03T13:39:44+07:00	1	4	0	5311	7.24	
2026-10-03T13:39:45+07:00	1	4	0	5311	7.24	
2026-10-03T13:39:46+07:00	1	4	0	5311	7.24	
2026-10-03T13:39:47+07:00	1	4	0	5311	7.38	
2026-10-03T13:39:48+07:00	1	4	0	5311	7.38	
2026-10-03T13:39:49+07:00	1	4	0	5311	7.38	
2026-10-03T13:39:50+07:00	1	4	0	5311	7.38	
2026-10-03T13:39:51+07:00	1	4	0	5311	7.38	
2026-10-03T13:39:52+07:00	1	4	0	5311	7.99	
2026-10-03T13:39:53+07:00	1	4	0	5311	7.99	
2026-10-03T13:39:54+07:00	1	4	0	5311	7.99	
2026-10-03T13:39:55+07:00	1	4	0	5311	7.99	
2026-10-03T13:39:57+07:00	1	4	0	5311	8.07	
2026-10-03T13:39:58+07:00	1	4	0	5311	8.07	
2026-10-03T13:39:59+07:00	1	4	0	5311	8.07	
2026-10-03T13:40:00+07:00	1	4	0	5311	8.07	
2026-10-03T13:40:01+07:00	1	4	0	5311	8.07	
2026-10-03T13:40:02+07:00	1	4	0	5311	8.15	
2026-10-03T13:40:03+07:00	1	4	0	5311	8.15	
2026-10-03T13:40:04+07:00	1	4	0	5311	8.15	
2026-10-03T13:40:05+07:00	1	4	0	5311	8.15	
2026-10-03T13:40:06+07:00	1	4	0	5311	8.15	
2026-10-03T13:40:07+07:00	1	4	0	5311	8.22	
2026-10-03T13:40:08+07:00	1	4	0	5311	8.22	
2026-10-03T13:40:09+07:00	1	4	0	5311	8.22	
2026-10-03T13:40:10+07:00	1	4	0	5311	8.22	
2026-10-03T13:40:11+07:00	1	4	0	5311	8.22	
2026-10-03T13:40:12+07:00	1	4	0	5311	8.12	
2026-10-03T13:40:13+07:00	1	4	0	5311	8.12	
2026-10-03T13:40:14+07:00	1	4	0	5311	8.12	
2026-10-03T13:40:15+07:00	1	4	0	5311	8.12	
2026-10-03T13:40:16+07:00	1	4	0	5311	8.11	
2026-10-03T13:40:17+07:00	1	4	0	5311	8.11	
2026-10-03T13:40:19+07:00	1	4	0	5311	8.11	
2026-10-03T13:40:20+07:00	1	4	0	5311	8.11	
2026-10-03T13:40:21+07:00	1	4	0	5311	8.11	
2026-10-03T13:40:22+07:00	1	4	0	5311	8.10	
2026-10-03T13:40:23+07:00	1	4	0	5311	8.10	
2026-10-03T13:40:24+07:00	1	4	0	5311	8.10	
2026-10-03T13:40:25+07:00	1	4	0	5311	8.10	
2026-10-03T13:40:26+07:00	1	4	0	5311	8.10	
2026-10-03T13:40:27+07:00	1	4	0	5311	8.41	
2026-10-03T13:40:28+07:00	1	4	0	5311	8.41	
2026-10-03T13:40:29+07:00	1	4	0	5311	8.41	
2026-10-03T13:40:30+07:00	1	4	0	5311	8.41	
2026-10-03T13:40:31+07:00	1	4	0	5311	8.41	
2026-10-03T13:40:32+07:00	1	4	0	5311	8.46	
2026-10-03T13:40:33+07:00	1	4	0	5311	8.46	
2026-10-03T13:40:34+07:00	1	4	0	5311	8.46	
2026-10-03T13:40:35+07:00	1	4	0	5311	8.46	
2026-10-03T13:40:36+07:00	1	4	0	5311	8.42	
2026-10-03T13:40:37+07:00	1	4	0	5311	8.42	
2026-10-03T13:40:38+07:00	1	4	0	5311	8.42	
2026-10-03T13:40:39+07:00	1	4	0	5311	8.42	
2026-10-03T13:40:41+07:00	1	4	0	5311	8.42	
2026-10-03T13:40:42+07:00	1	4	0	5311	8.31	
2026-10-03T13:40:43+07:00	1	4	0	5311	8.31	
2026-10-03T13:40:44+07:00	1	4	0	5311	8.31	
2026-10-03T13:40:45+07:00	1	4	0	5311	8.31	
2026-10-03T13:40:46+07:00	1	4	0	5311	8.31	
2026-10-03T13:40:47+07:00	1	4	0	5311	8.20	
2026-10-03T13:40:48+07:00	1	4	0	5311	8.20	
2026-10-03T13:40:49+07:00	1	4	0	5311	8.20	
2026-10-03T13:40:50+07:00	1	4	0	5311	8.20	
2026-10-03T13:40:51+07:00	1	4	0	5311	8.20	
2026-10-03T13:40:52+07:00	1	4	0	5311	7.95	
2026-10-03T13:40:53+07:00	4	4	94	10991	7.95	
2026-10-03T13:40:54+07:00	4	4	8	11081	7.95	
2026-10-03T13:40:55+07:00	4	4	0	11453	7.95	51157064
2026-10-03T13:40:56+07:00	4	4	0	11453	7.95	51157064
2026-10-03T13:40:57+07:00	4	4	0	11453	7.39	51157064
2026-10-03T13:40:58+07:00	4	4	100	11489	7.39	51306432
2026-10-03T13:40:59+07:00	4	4	100	11493	7.39	51306432
2026-10-03T13:41:00+07:00	4	4	100	11493	7.39	51306560
2026-10-03T13:41:01+07:00	4	4	100	11493	6.88	51306560
2026-10-03T13:41:02+07:00	4	4	100	11493	6.88	51306560
2026-10-03T13:41:04+07:00	4	4	100	11493	6.88	51306752
2026-10-03T13:41:05+07:00	4	4	99	11531	6.88	51456468
2026-10-03T13:41:06+07:00	4	4	100	11547	6.88	51472052
2026-10-03T13:41:07+07:00	4	4	100	11549	7.37	51472052
2026-10-03T13:41:08+07:00	4	4	99	11589	7.37	51504380
2026-10-03T13:41:09+07:00	4	4	100	11607	7.37	51519344
2026-10-03T13:41:10+07:00	4	4	100	11607	7.37	51519348
2026-10-03T13:41:11+07:00	4	4	100	11607	7.37	51519348
2026-10-03T13:41:12+07:00	4	4	99	11607	7.98	51519348
2026-10-03T13:41:13+07:00	4	4	99	11607	7.98	51519356
2026-10-03T13:41:14+07:00	4	4	37	11607	7.98	51523180
2026-10-03T13:41:15+07:00	4	4	100	11607	7.98	51523180
2026-10-03T13:41:16+07:00	4	4	100	11607	7.98	51523180
2026-10-03T13:41:17+07:00	4	4	100	11607	7.58	51523180
2026-10-03T13:41:18+07:00	4	4	100	11607	7.58	51523180
2026-10-03T13:41:19+07:00	4	4	100	11607	7.58	51523180
2026-10-03T13:41:20+07:00	4	4	100	11607	7.58	51638220
2026-10-03T13:41:21+07:00	4	4	100	11607	8.34	51638220
2026-10-03T13:41:22+07:00	4	4	99	11607	8.34	51638352
2026-10-03T13:41:23+07:00	4	4	100	11607	8.34	51638352
2026-10-03T13:41:25+07:00	4	4	100	11607	8.34	51638356
2026-10-03T13:41:26+07:00	4	4	100	11607	8.34	51638356
2026-10-03T13:41:27+07:00	4	4	99	11607	8.71	51638356
2026-10-03T13:41:28+07:00	4	4	99	11607	8.71	51638360
2026-10-03T13:41:29+07:00	4	4	99	11607	8.71	51638360
2026-10-03T13:41:30+07:00	4	4	99	11607	8.71	51638524
2026-10-03T13:41:31+07:00	4	4	100	11607	8.71	51638524
2026-10-03T13:41:32+07:00	4	4	100	11607	8.41	51638524
2026-10-03T13:41:33+07:00	4	4	100	11607	8.41	51638524
2026-10-03T13:41:34+07:00	4	4	100	11607	8.41	51638524
2026-10-03T13:41:35+07:00	4	4	100	11607	8.41	51638524
2026-10-03T13:41:36+07:00	4	4	100	11607	8.41	51638524
2026-10-03T13:41:37+07:00	4	4	97	11607	7.98	51753440
2026-10-03T13:41:38+07:00	4	4	99	11607	7.98	51753444
2026-10-03T13:41:39+07:00	4	4	99	11607	7.98	51753448
2026-10-03T13:41:40+07:00	4	4	100	11607	7.98	51753448
2026-10-03T13:41:41+07:00	4	4	99	11607	8.70	51753456
2026-10-03T13:41:42+07:00	4	4	98	11607	8.70	51753456
2026-10-03T13:41:43+07:00	4	4	98	11607	8.70	51753464
2026-10-03T13:41:45+07:00	4	4	99	5749	8.70	50504184
2026-10-03T13:41:46+07:00	4	4	0	5747	8.70	5249856
2026-10-03T13:41:47+07:00	4	4	0	1	8.16	
2026-10-03T13:41:48+07:00	4	4	0	1	8.16	
2026-10-03T13:41:49+07:00	4	4	0	1	8.16	
