gen,width,rx_util,tx_util
Field "pcie.rx.util" is not a valid field to query.

Field "pcie.rx.util" is not a valid field to query.

Field "pcie.rx.util" is not a valid field to query.

Field "pcie.rx.util" is not a valid field to query.

Field "pcie.rx.util" is not a valid field to query.

Field "pcie.rx.util" is not a valid field to query.

Field "pcie.rx.util" is not a valid field to query.

Field "pcie.rx.util" is not a valid field to query.

Field "pcie.rx.util" is not a valid field to query.

Field "pcie.rx.util" is not a valid field to query.

Field "pcie.rx.util" is not a valid field to query.

Field "pcie.rx.util" is not a valid field to query.

Field "pcie.rx.util" is not a valid field to query.

Field "pcie.rx.util" is not a valid field to query.

Field "pcie.rx.util" is not a valid field to query.

Field "pcie.rx.util" is not a valid field to query.

Field "pcie.rx.util" is not a valid field to query.

Field "pcie.rx.util" is not a valid field to query.

Field "pcie.rx.util" is not a valid field to query.

Field "pcie.rx.util" is not a valid field to query.

Field "pcie.rx.util" is not a valid field to query.

Field "pcie.rx.util" is not a valid field to query.

Field "pcie.rx.util" is not a valid field to query.

Field "pcie.rx.util" is not a valid field to query.

Field "pcie.rx.util" is not a valid field to query.

Field "pcie.rx.util" is not a valid field to query.

Field "pcie.rx.util" is not a valid field to query.

Field "pcie.rx.util" is not a valid field to query.

Field "pcie.rx.util" is not a valid field to query.

Field "pcie.rx.util" is not a valid field to query.

