t	date	recv_kB_s	sent_kB_s
Field "pcie.rx.util" is not a valid field to query.
Field "pcie.rx.util" is not a valid field to query.
Field "pcie.rx.util" is not a valid field to query.
Field "pcie.rx.util" is not a valid field to query.
Field "pcie.rx.util" is not a valid field to query.
Field "pcie.rx.util" is not a valid field to query.
Field "pcie.rx.util" is not a valid field to query.
Field "pcie.rx.util" is not a valid field to query.
Field "pcie.rx.util" is not a valid field to query.
Field "pcie.rx.util" is not a valid field to query.
Field "pcie.rx.util" is not a valid field to query.
Field "pcie.rx.util" is not a valid field to query.
Field "pcie.rx.util" is not a valid field to query.
Field "pcie.rx.util" is not a valid field to query.
Field "pcie.rx.util" is not a valid field to query.
Field "pcie.rx.util" is not a valid field to query.
Field "pcie.rx.util" is not a valid field to query.
Field "pcie.rx.util" is not a valid field to query.
Field "pcie.rx.util" is not a valid field to query.
Field "pcie.rx.util" is not a valid field to query.
Field "pcie.rx.util" is not a valid field to query.
Field "pcie.rx.util" is not a valid field to query.
Field "pcie.rx.util" is not a valid field to query.
Field "pcie.rx.util" is not a valid field to query.
Field "pcie.rx.util" is not a valid field to query.
Field "pcie.rx.util" is not a valid field to query.
Field "pcie.rx.util" is not a valid field to query.
Field "pcie.rx.util" is not a valid field to query.
Field "pcie.rx.util" is not a valid field to query.
Field "pcie.rx.util" is not a valid field to query.
Field "pcie.rx.util" is not a valid field to query.
Field "pcie.rx.util" is not a valid field to query.
Field "pcie.rx.util" is not a valid field to query.
Field "pcie.rx.util" is not a valid field to query.
Field "pcie.rx.util" is not a valid field to query.
Field "pcie.rx.util" is not a valid field to query.
Field "pcie.rx.util" is not a valid field to query.
Field "pcie.rx.util" is not a valid field to query.
Field "pcie.rx.util" is not a valid field to query.
Field "pcie.rx.util" is not a valid field to query.
Field "pcie.rx.util" is not a valid field to query.
Field "pcie.rx.util" is not a valid field to query.
Field "pcie.rx.util" is not a valid field to query.
Field "pcie.rx.util" is not a valid field to query.
Field "pcie.rx.util" is not a valid field to query.
Field "pcie.rx.util" is not a valid field to query.
Field "pcie.rx.util" is not a valid field to query.
Field "pcie.rx.util" is not a valid field to query.
Field "pcie.rx.util" is not a valid field to query.
Field "pcie.rx.util" is not a valid field to query.
Field "pcie.rx.util" is not a valid field to query.
Field "pcie.rx.util" is not a valid field to query.
Field "pcie.rx.util" is not a valid field to query.
Field "pcie.rx.util" is not a valid field to query.
Field "pcie.rx.util" is not a valid field to query.
Field "pcie.rx.util" is not a valid field to query.
Field "pcie.rx.util" is not a valid field to query.
Field "pcie.rx.util" is not a valid field to query.
Field "pcie.rx.util" is not a valid field to query.
Field "pcie.rx.util" is not a valid field to query.
Field "pcie.rx.util" is not a valid field to query.
Field "pcie.rx.util" is not a valid field to query.
Field "pcie.rx.util" is not a valid field to query.
Field "pcie.rx.util" is not a valid field to query.
Field "pcie.rx.util" is not a valid field to query.
Field "pcie.rx.util" is not a valid field to query.
Field "pcie.rx.util" is not a valid field to query.
Field "pcie.rx.util" is not a valid field to query.
Field "pcie.rx.util" is not a valid field to query.
Field "pcie.rx.util" is not a valid field to query.
Field "pcie.rx.util" is not a valid field to query.
Field "pcie.rx.util" is not a valid field to query.
Field "pcie.rx.util" is not a valid field to query.
Field "pcie.rx.util" is not a valid field to query.
Field "pcie.rx.util" is not a valid field to query.
Field "pcie.rx.util" is not a valid field to query.
Field "pcie.rx.util" is not a valid field to query.
Field "pcie.rx.util" is not a valid field to query.
Field "pcie.rx.util" is not a valid field to query.
Field "pcie.rx.util" is not a valid field to query.
Field "pcie.rx.util" is not a valid field to query.
Field "pcie.rx.util" is not a valid field to query.
Field "pcie.rx.util" is not a valid field to query.
Field "pcie.rx.util" is not a valid field to query.
Field "pcie.rx.util" is not a valid field to query.
Field "pcie.rx.util" is not a valid field to query.
Field "pcie.rx.util" is not a valid field to query.
Field "pcie.rx.util" is not a valid field to query.
Field "pcie.rx.util" is not a valid field to query.
Field "pcie.rx.util" is not a valid field to query.
Field "pcie.rx.util" is not a valid field to query.
Field "pcie.rx.util" is not a valid field to query.
Field "pcie.rx.util" is not a valid field to query.
Field "pcie.rx.util" is not a valid field to query.
Field "pcie.rx.util" is not a valid field to query.
Field "pcie.rx.util" is not a valid field to query.
Field "pcie.rx.util" is not a valid field to query.
Field "pcie.rx.util" is not a valid field to query.
Field "pcie.rx.util" is not a valid field to query.
Field "pcie.rx.util" is not a valid field to query.
Field "pcie.rx.util" is not a valid field to query.
Field "pcie.rx.util" is not a valid field to query.
Field "pcie.rx.util" is not a valid field to query.
Field "pcie.rx.util" is not a valid field to query.
Field "pcie.rx.util" is not a valid field to query.
Field "pcie.rx.util" is not a valid field to query.
Field "pcie.rx.util" is not a valid field to query.
Field "pcie.rx.util" is not a valid field to query.
Field "pcie.rx.util" is not a valid field to query.
Field "pcie.rx.util" is not a valid field to query.
Field "pcie.rx.util" is not a valid field to query.
Field "pcie.rx.util" is not a valid field to query.
