Time (%),Total Time (ns),Num Calls,Avg (ns),Med (ns),Min (ns),Max (ns),StdDev (ns),Name
45.3,25181137973,1027,24519121.7,10065358.0,1302,100180972,34650331.2,poll
22.5,12500915094,18,694495283.0,500061013.5,500007749,4000060928,824960429.7,pthread_cond_timedwait
16.1,8932199493,323,27653868.4,382694.0,9772,93748106,39195464.3,pthread_cond_wait
16.1,8919857260,107,83363152.0,84970996.0,68883596,94081634,5924522.6,pthread_cond_clockwait
0.0,3486719,108,32284.4,32300.0,8547,48214,6812.4,send
0.0,268186,190,1411.5,1224.5,1001,3116,439.5,pthread_cond_broadcast
0.0,80972,2,40486.0,40486.0,39477,41495,1426.9,ioctl
0.0,76044,1,76044.0,76044.0,76044,76044,0.0,pthread_mutex_lock
0.0,41883,32,1308.8,1161.5,1004,3551,495.5,pthread_cond_signal
