Time (%),Total Time (ns),Instances,Avg (ns),Med (ns),Min (ns),Max (ns),StdDev (ns),Name
25.7,676462833,12602,53679.0,38560.0,5408,1763746,161103.7,"void mul_mat_vec_q<(ggml_type)14, (int)1, (bool)0, (bool)0, (bool)0>(const void *, const void *, const int *, ggml_cuda_mm_fusion_args_device, float *, unsigned int, uint3, unsigned int, unsigned int, unsigned int, uint3, unsigned int, unsigned int, unsigned int, uint3, unsigned int, unsigned int, unsigned int, unsigned int)"
19.3,509991116,10444,48831.0,48832.0,48576,49088,79.8,"void mul_mat_vec_f<__nv_bfloat16, float, (int)1, (int)160, (bool)0, (bool)0>(const T1 *, const float *, const int *, ggml_cuda_mm_fusion_args_device, float *, int, uint3, int, int, int, uint3, int, int, int, uint3, int, int, int, int)"
13.6,358027672,41668,8592.4,3360.0,2016,145761,9967.4,"void mul_mat_vec_f<__nv_bfloat16, float, (int)1, (int)256, (bool)0, (bool)0>(const T1 *, const float *, const int *, ggml_cuda_mm_fusion_args_device, float *, int, uint3, int, int, int, uint3, int, int, int, uint3, int, int, int, int)"
4.3,114456718,3340,34268.5,35616.0,4544,65760,22568.0,"void mul_mat_vec_q<(ggml_type)13, (int)1, (bool)0, (bool)0, (bool)0>(const void *, const void *, const int *, ggml_cuda_mm_fusion_args_device, float *, unsigned int, uint3, unsigned int, unsigned int, unsigned int, uint3, unsigned int, unsigned int, unsigned int, uint3, unsigned int, unsigned int, unsigned int, unsigned int)"
3.7,98041416,61588,1591.9,1376.0,1312,3520,448.4,"void k_bin_bcast<&op_add, float, float, float, const float *>(const T2 *, const T3 *, T4 *, unsigned int, unsigned int, unsigned int, uint3, uint3, uint3, uint3, uint3, unsigned int, unsigned int, unsigned int, unsigned int, unsigned int, unsigned int, unsigned int, unsigned int, unsigned int, unsigned int, unsigned int, T5...)"
2.9,76200441,3983,19131.4,5472.0,4960,62752,16617.1,"void mul_mat_vec_q<(ggml_type)12, (int)1, (bool)0, (bool)0, (bool)0>(const void *, const void *, const int *, ggml_cuda_mm_fusion_args_device, float *, unsigned int, uint3, unsigned int, unsigned int, unsigned int, uint3, unsigned int, unsigned int, unsigned int, uint3, unsigned int, unsigned int, unsigned int, unsigned int)"
2.7,69869477,5600,12476.7,2336.0,1728,46336,18460.9,"void k_get_rows_float<float, float>(const T1 *, const int *, T2 *, long, long, uint3, unsigned long, unsigned long, unsigned long, unsigned long, unsigned long, unsigned long, unsigned long, unsigned long, unsigned long)"
2.5,65746052,3876,16962.3,16960.0,16608,17376,107.9,"void gated_delta_net_cuda<(int)128, (bool)0, (bool)0>(const float *, const float *, const float *, const float *, const float *, const float *, float *, float *, long, long, long, long, long, long, long, long, long, long, long, long, uint3, uint3, float, long, int, int, int, bool)"
2.5,64599105,50712,1273.8,1184.0,1088,3712,396.0,"scale_f32(const float *, float *, float, float, long)"
2.4,64366531,3876,16606.4,16608.0,16160,17088,107.9,"void k_get_rows_float_vec<float>(const T1 *, const int *, T1 *, long, long, uint3, unsigned long, unsigned long, unsigned long, unsigned long, unsigned long, unsigned long, unsigned long, unsigned long, unsigned long)"
2.2,58743283,3873,15167.4,4896.0,4032,47136,14690.6,"void mul_mat_vec_q<(ggml_type)23, (int)1, (bool)0, (bool)1, (bool)0>(const void *, const void *, const int *, ggml_cuda_mm_fusion_args_device, float *, unsigned int, uint3, unsigned int, unsigned int, unsigned int, uint3, unsigned int, unsigned int, unsigned int, uint3, unsigned int, unsigned int, unsigned int, unsigned int)"
1.8,48029674,1292,37174.7,37344.0,31936,41952,1744.8,"void flash_attn_ext_f16<(int)256, (int)256, (int)1, (int)8, (bool)0, (bool)0, (bool)0, (bool)0>(const char *, const char *, const char *, const char *, const char *, const int *, float *, float2 *, float, float, float, float, unsigned int, float, int, uint3, int, int, int, int, int, int, int, int, int, int, int, long, int, int, long, int, int, int, int, int, long)"
1.6,42522583,30687,1385.7,1312.0,1216,1984,160.8,"quantize_q8_1(const float *, void *, long, long, long, long, long, unsigned int, uint3)"
1.6,41143551,27028,1522.3,1408.0,1216,1920,175.9,"void k_bin_bcast<&op_mul, float, float, float, const float *>(const T2 *, const T3 *, T4 *, unsigned int, unsigned int, unsigned int, uint3, uint3, uint3, uint3, uint3, unsigned int, unsigned int, unsigned int, unsigned int, unsigned int, unsigned int, unsigned int, unsigned int, unsigned int, unsigned int, unsigned int, T5...)"
1.2,31086725,1292,24060.9,24032.0,23232,24960,258.9,"void k_get_rows_float<__half, float>(const T1 *, const int *, T2 *, long, long, uint3, unsigned long, unsigned long, unsigned long, unsigned long, unsigned long, unsigned long, unsigned long, unsigned long, unsigned long)"
1.1,28341627,5060,5601.1,5600.0,5408,5888,66.4,"void mul_mat_vec_q<(ggml_type)20, (int)1, (bool)0, (bool)1, (bool)0>(const void *, const void *, const int *, ggml_cuda_mm_fusion_args_device, float *, unsigned int, uint3, unsigned int, unsigned int, unsigned int, uint3, unsigned int, unsigned int, unsigned int, uint3, unsigned int, unsigned int, unsigned int, unsigned int)"
1.0,27093226,9044,2995.7,2176.0,1664,8992,2358.7,"void rms_norm_f32<(int)256, (bool)1, (bool)0>(const float *, float *, int, long, long, long, float, const float *, long, long, long, uint3, uint3, uint3, uint3, const float *, long, long, long, uint3, uint3, uint3, uint3)"
1.0,26455838,10768,2456.9,2432.0,2400,3232,74.3,"void rms_norm_f32<(int)1024, (bool)0, (bool)0>(const float *, float *, int, long, long, long, float, const float *, long, long, long, uint3, uint3, uint3, uint3, const float *, long, long, long, uint3, uint3, uint3, uint3)"
1.0,25409580,5168,4916.7,4928.0,4864,5056,26.3,"void topk_moe_cuda<(int)512, (bool)0, (bool)0>(const float *, float *, int *, float *, int, int, float, float, topk_moe_config, volatile int *, volatile unsigned int *)"
1.0,25050047,15612,1604.5,1632.0,1216,1888,115.6,"void unary_gated_op_kernel<&op_sigmoid, float>(const T2 *, const T2 *, T2 *, long, long, long, long)"
0.8,20667615,19488,1060.5,1024.0,960,1312,76.3,"void unary_op_kernel<&op_sigmoid, float>(const T2 *, T2 *, int)"
0.6,16875032,10552,1599.2,1584.0,1344,1984,224.2,"void k_bin_bcast<&op_repeat, float, float, float, >(const T2 *, const T3 *, T4 *, unsigned int, unsigned int, unsigned int, uint3, uint3, uint3, uint3, uint3, unsigned int, unsigned int, unsigned int, unsigned int, unsigned int, unsigned int, unsigned int, unsigned int, unsigned int, unsigned int, unsigned int, T5...)"
0.6,15514616,5168,3002.1,1536.0,1376,8480,2590.9,"void rope_multi<(bool)1, (bool)0, float>(const T3 *, T3 *, int, int, int, int, int, int, int, int, int, int, int, const int *, float, float, float, rope_corr_dims, float, const float *, mrope_sections, bool, bool)"
0.5,13047889,5168,2524.7,2528.0,2304,2976,85.0,"moe_weighted_reduction_f32(const float *, const float *, const float *, float *, long, int)"
0.4,11752886,2584,4548.3,4208.0,3936,5408,551.0,"void cub::_V_300200_SM_860_1200::detail::topk::DeviceTopKKernel<cub::_V_300200_SM_860_1200::detail::topk::policy_hub<float, unsigned int>::Policy900, const float *, cuda::__4::discard_iterator, cuda::__4::counting_iterator<int, (int)0, (int)0>, int *, unsigned int, unsigned int, float, cub::_V_300200_SM_860_1200::detail::topk::extract_bin_op_t<float, (cub::_V_300200_SM_860_1200::detail::topk::select)1, (int)11>, cub::_V_300200_SM_860_1200::detail::topk::identify_candidates_op_t<float, (cub::_V_300200_SM_860_1200::detail::topk::select)1, (int)11>, (bool)0>(T2, T3, T4, T5, T8 *, T6 *, T8 *, T6 *, cub::_V_300200_SM_860_1200::detail::topk::Counter<cuda::std::__4::iterator_traits<T2, void>::value_type, T6, T7> *, T6 *, T6, T7, T6, T9, T10, int)"
0.4,11662350,3984,2927.3,2880.0,2784,5088,347.8,"void concat_cont<unsigned int, (int)0>(const T1 *, const T1 *, T1 *, long, long, long, long, long, long)"
0.4,11181261,10552,1059.6,1056.0,1024,1152,18.4,"void unary_op_kernel<&op_silu, float>(const T2 *, T2 *, int)"
0.4,10721554,7752,1383.1,1376.0,1344,1472,16.3,"void rms_norm_f32<(int)256, (bool)0, (bool)0>(const float *, float *, int, long, long, long, float, const float *, long, long, long, uint3, uint3, uint3, uint3, const float *, long, long, long, uint3, uint3, uint3, uint3)"
0.4,10517102,3876,2713.4,2720.0,2496,2976,71.5,"void ssm_conv_f32<(bool)1, (unsigned long)128, (unsigned long)4>(const float *, const float *, const float *, int, int, int, int, float *, int, int, int, long)"
0.3,7900780,646,12230.3,12192.0,11840,12864,178.6,"void mul_mat_vec_q<(ggml_type)14, (int)1, (bool)1, (bool)0, (bool)0>(const void *, const void *, const int *, ggml_cuda_mm_fusion_args_device, float *, unsigned int, uint3, unsigned int, unsigned int, unsigned int, uint3, unsigned int, unsigned int, unsigned int, uint3, unsigned int, unsigned int, unsigned int, unsigned int)"
0.2,5146021,538,9565.1,9536.0,9248,10176,150.1,"void mul_mat_vec_q<(ggml_type)12, (int)1, (bool)1, (bool)0, (bool)0>(const void *, const void *, const int *, ggml_cuda_mm_fusion_args_device, float *, unsigned int, uint3, unsigned int, unsigned int, unsigned int, uint3, unsigned int, unsigned int, unsigned int, uint3, unsigned int, unsigned int, unsigned int, unsigned int)"
0.2,5115978,3876,1319.9,1312.0,1280,1440,21.1,"void unary_gated_op_kernel<&op_softplus, float>(const T2 *, const T2 *, T2 *, long, long, long, long)"
0.2,5097929,3876,1315.3,1312.0,1248,1440,23.7,"void k_set_rows<float, long, __half>(const T1 *, const T2 *, T3 *, long, long, long, long, long, long, long, long, long, long, long, long, long, long, uint3, uint3, uint3, uint3, uint3)"
0.2,4707013,1292,3643.2,3648.0,3456,3840,60.9,"void mul_mat_f<float, (int)32, (int)4, (int)2, (bool)0>(const T1 *, const float *, const int *, float *, int, int, int, int, int, int, int, int, int, int, int, int, int, int, int, int)"
0.2,4336068,1292,3356.1,3360.0,3296,3488,24.0,"void cub::_V_300200_SM_860_1200::detail::topk::DeviceTopKKernel<cub::_V_300200_SM_860_1200::detail::topk::policy_hub<float, unsigned int>::Policy900, const float *, cuda::__4::discard_iterator, cuda::__4::counting_iterator<int, (int)0, (int)0>, int *, unsigned int, unsigned int, float, cub::_V_300200_SM_860_1200::detail::topk::extract_bin_op_t<float, (cub::_V_300200_SM_860_1200::detail::topk::select)1, (int)11>, cub::_V_300200_SM_860_1200::detail::topk::identify_candidates_op_t<float, (cub::_V_300200_SM_860_1200::detail::topk::select)1, (int)11>, (bool)1>(T2, T3, T4, T5, T8 *, T6 *, T8 *, T6 *, cub::_V_300200_SM_860_1200::detail::topk::Counter<cuda::std::__4::iterator_traits<T2, void>::value_type, T6, T7> *, T6 *, T6, T7, T6, T9, T10, int)"
0.2,4138218,3447,1200.5,1216.0,1152,1248,16.1,"void unary_gated_op_kernel<&op_silu, float>(const T2 *, const T2 *, T2 *, long, long, long, long)"
0.1,3664999,1724,2125.9,2080.0,2016,2496,112.0,"void cpy_scalar<&cpy_1_scalar<float, float>>(const char *, char *, long, long, long, long, long, long, long, long, long, long, long, long, long, long, long)"
0.1,3424198,322,10634.2,10528.0,10144,11232,275.9,"void mul_mat_vec_q<(ggml_type)23, (int)1, (bool)1, (bool)1, (bool)0>(const void *, const void *, const int *, ggml_cuda_mm_fusion_args_device, float *, unsigned int, uint3, unsigned int, unsigned int, unsigned int, uint3, unsigned int, unsigned int, unsigned int, uint3, unsigned int, unsigned int, unsigned int, unsigned int)"
0.1,3032612,1292,2347.2,2784.0,1024,3680,749.1,"void cub::_V_300200_SM_860_1200::detail::topk::DeviceTopKLastFilterKernel<cub::_V_300200_SM_860_1200::detail::topk::policy_hub<float, unsigned int>::Policy900, const float *, cuda::__4::discard_iterator, cuda::__4::counting_iterator<int, (int)0, (int)0>, int *, unsigned int, unsigned int, float, cub::_V_300200_SM_860_1200::detail::topk::identify_candidates_op_t<float, (cub::_V_300200_SM_860_1200::detail::topk::select)1, (int)11>>(T2, T3, T4, T5, T8 *, T6 *, cub::_V_300200_SM_860_1200::detail::topk::Counter<cuda::std::__4::iterator_traits<T2, void>::value_type, T6, T7> *, T6, T7, T6, T9, int)"
0.1,2720770,1292,2105.9,2112.0,2048,2240,24.6,"void flash_attn_stream_k_fixup_uniform<(int)256, (int)1, (int)8>(float *, const float2 *, int, int, int, int, int, int, uint3, uint3, uint3)"
0.1,2291493,215,10658.1,10624.0,10336,11232,202.4,"void mul_mat_vec_q<(ggml_type)13, (int)1, (bool)1, (bool)0, (bool)0>(const void *, const void *, const int *, ggml_cuda_mm_fusion_args_device, float *, unsigned int, uint3, unsigned int, unsigned int, unsigned int, uint3, unsigned int, unsigned int, unsigned int, uint3, unsigned int, unsigned int, unsigned int, unsigned int)"
0.1,2174242,1724,1261.2,1280.0,1152,1408,50.9,"void cpy_scalar_contiguous<__half, float>(const char *, char *, long)"
0.1,1850690,1292,1432.4,1440.0,1376,1600,26.7,"void k_set_rows<float, int, __half>(const T1 *, const T2 *, T3 *, long, long, long, long, long, long, long, long, long, long, long, long, long, long, uint3, uint3, uint3, uint3, uint3)"
0.1,1799525,1292,1392.8,1408.0,1376,1440,16.0,"void k_bin_bcast<&op_add, __half, __half, __half, const __half *>(const T2 *, const T3 *, T4 *, unsigned int, unsigned int, unsigned int, uint3, uint3, uint3, uint3, uint3, unsigned int, unsigned int, unsigned int, unsigned int, unsigned int, unsigned int, unsigned int, unsigned int, unsigned int, unsigned int, unsigned int, T5...)"
0.1,1324641,1292,1025.3,1024.0,992,1088,14.7,"void unary_op_kernel<&op_relu, float>(const T2 *, T2 *, int)"
0.0,1177505,1292,911.4,896.0,864,929,16.0,"void fill_kernel<__half>(T1 *, long, T1)"
0.0,1174177,1292,908.8,896.0,896,960,15.7,"void fill_kernel<float>(T1 *, long, T1)"
0.0,683008,108,6324.1,6336.0,6144,6464,49.6,"void mul_mat_vec_q<(ggml_type)8, (int)1, (bool)0, (bool)1, (bool)0>(const void *, const void *, const int *, ggml_cuda_mm_fusion_args_device, float *, unsigned int, uint3, unsigned int, unsigned int, unsigned int, uint3, unsigned int, unsigned int, unsigned int, uint3, unsigned int, unsigned int, unsigned int, unsigned int)"
0.0,169568,108,1570.1,1568.0,1536,1632,15.3,"void reduce_rows_f32<(bool)0>(const float *, float *, int)"
0.0,110880,108,1026.7,1024.0,992,1056,12.5,"void unary_op_kernel<&op_sgn, float>(const T2 *, T2 *, int)"
0.0,110432,108,1022.5,1024.0,992,1056,13.4,"void op_clamp_kernel<float>(const T1 *, T1 *, T1, T1, int)"
0.0,110144,108,1019.9,1024.0,992,1056,11.7,"void unary_op_kernel<&op_sqrt, float>(const T2 *, T2 *, int)"
0.0,109472,108,1013.6,1024.0,992,1024,15.0,"void unary_op_kernel<&op_abs, float>(const T2 *, T2 *, int)"
